timestamp,rx_bytes_s,tx_bytes_s,rx_pkts_s,tx_pkts_s
2026-09-01 09:11:21.734,49979.00,317.00,423.00,3.00
2026-09-01 09:11:23.759,65830.00,250.00,574.00,3.00
2026-09-01 09:11:25.784,63798.00,848.00,522.00,9.00
2026-09-01 09:11:27.800,86894.00,525357.00,727.00,73.00
2026-09-01 09:11:29.829,63640.00,1986.00,507.00,12.00
2026-09-01 09:11:31.847,60447.00,386.00,509.00,4.00
2026-09-01 09:11:33.854,58358.00,166.00,481.00,2.00
2026-09-01 09:11:35.892,62549.00,69.00,523.00,1.00
2026-09-01 09:11:37.902,57003.00,150.00,478.00,2.00
2026-09-01 09:11:39.919,59796.00,81.00,474.00,1.00
2026-09-01 09:11:41.925,66284.00,134.00,550.00,2.00
2026-09-01 09:11:43.951,84752.00,112.00,571.00,1.00
2026-09-01 09:11:45.965,79383.00,2243.00,553.00,5.00
2026-09-01 09:11:47.977,83132.00,606.00,610.00,5.00
2026-09-01 09:11:49.990,79927.00,116.00,577.00,2.00
2026-09-01 09:11:52.003,73935.00,468.00,508.00,3.00
2026-09-01 09:11:54.014,75546.00,248.00,579.00,3.00
2026-09-01 09:11:56.027,71845.00,472.00,521.00,5.00
2026-09-01 09:11:58.036,98922.00,1542.00,593.00,4.00
2026-09-01 09:12:00.044,84125.00,2420.00,578.00,12.00
2026-09-01 09:12:02.058,96652.00,344.00,614.00,5.00
2026-09-01 09:12:04.087,70148.00,616.00,525.00,2.00
2026-09-01 09:12:06.101,66778.00,1867.00,510.00,10.00
2026-09-01 09:12:08.112,81318.00,58.00,506.00,1.00
2026-09-01 09:12:10.145,80986.00,351.00,522.00,5.00
2026-09-01 09:12:12.157,71618.00,615.00,526.00,6.00
2026-09-01 09:12:14.168,78649.00,97.00,596.00,1.00
2026-09-01 09:12:16.172,77244.00,235.00,648.00,3.00
2026-09-01 09:12:18.201,74592.00,446.00,606.00,3.00
2026-09-01 09:12:20.221,71182.00,207.00,512.00,2.00
2026-09-01 09:12:22.223,78432.00,578.00,578.00,3.00
2026-09-01 09:12:24.233,62449.00,207.00,476.00,3.00
2026-09-01 09:12:26.247,75594.00,42.00,480.00,1.00
2026-09-01 09:12:28.259,83245.00,76.00,436.00,1.00
2026-09-01 09:12:30.270,90731.00,120.00,498.00,2.00
2026-09-01 09:12:32.283,94595.00,218.00,509.00,3.00
2026-09-01 09:12:34.312,57988.00,389.00,477.00,6.00
2026-09-01 09:12:36.326,136165.00,309.00,704.00,4.00
2026-09-01 09:12:38.345,64487.00,161.00,499.00,2.00
2026-09-01 09:12:40.350,62184.00,165.00,517.00,2.00
2026-09-01 09:12:42.359,78838.00,293.00,612.00,3.00
2026-09-01 09:12:44.373,78480.00,97.00,591.00,1.00
2026-09-01 09:12:46.385,67003.00,5861.00,502.00,9.00
2026-09-01 09:12:48.396,63181.00,284.00,527.00,3.00
2026-09-01 09:12:50.410,54233.00,339.00,450.00,4.00
2026-09-01 09:12:52.423,85057.00,1312.00,578.00,5.00
2026-09-01 09:12:54.448,62778.00,357.00,549.00,4.00
2026-09-01 09:12:56.459,62017.00,138.00,520.00,2.00
2026-09-01 09:12:58.478,59519.00,310.00,479.00,5.00
2026-09-01 09:13:00.505,61146.00,1019.00,543.00,8.00
2026-09-01 09:13:02.524,77978.00,487.00,549.00,6.00
2026-09-01 09:13:04.529,85395.00,1239.00,545.00,4.00
2026-09-01 09:13:06.541,59744.00,117.00,502.00,2.00
2026-09-01 09:13:08.577,85272.00,99.00,576.00,1.00
2026-09-01 09:13:10.589,65175.00,407.00,554.00,6.00
2026-09-01 09:13:12.611,65956.00,306.00,536.00,4.00
2026-09-01 09:13:14.623,74780.00,546.00,579.00,1.00
2026-09-01 09:13:16.659,77567.00,1011.00,582.00,12.00
2026-09-01 09:13:18.664,93877.00,2636.00,644.00,10.00
2026-09-01 09:13:20.687,84151.00,549.00,590.00,8.00
2026-09-01 09:13:22.704,77029.00,393.00,549.00,6.00
2026-09-01 09:13:24.724,58353.00,169.00,467.00,2.00
2026-09-01 09:13:26.732,104112.00,2573.00,752.00,16.00
2026-09-01 09:13:28.742,90187.00,1079.00,771.00,11.00
2026-09-01 09:13:30.755,77355.00,850.00,577.00,9.00
2026-09-01 09:13:32.770,98809.00,565.00,807.00,6.00
2026-09-01 09:13:34.795,77129.00,882.00,662.00,7.00
2026-09-01 09:13:36.817,86993.00,2063.00,606.00,13.00
2026-09-01 09:13:38.844,76335.00,776.00,547.00,8.00
2026-09-01 09:13:40.873,66544.00,249.00,565.00,3.00
2026-09-01 09:13:42.883,73584.00,273.00,606.00,4.00
2026-09-01 09:13:44.887,58680.00,525.00,491.00,7.00
2026-09-01 09:13:46.899,65679.00,96.00,530.00,1.00
2026-09-01 09:13:48.910,72824.00,291.00,645.00,4.00
2026-09-01 09:13:50.920,79704.00,1093.00,568.00,2.00
2026-09-01 09:13:52.921,69891.00,268.00,581.00,3.00
2026-09-01 09:13:54.944,53664.00,148.00,470.00,2.00
2026-09-01 09:13:56.957,74558.00,113.00,577.00,1.00
2026-09-01 09:13:58.971,72126.00,262.00,612.00,2.00
2026-09-01 09:14:00.992,94675.00,75.00,639.00,1.00
2026-09-01 09:14:03.023,84460.00,177.00,613.00,2.00
2026-09-01 09:14:05.034,73647.00,126.00,614.00,2.00
2026-09-01 09:14:07.056,83879.00,249.00,589.00,4.00
2026-09-01 09:14:09.072,88660.00,135.00,541.00,2.00
2026-09-01 09:14:11.085,64113.00,172.00,468.00,2.00
2026-09-01 09:14:13.095,62386.00,93.00,466.00,1.00
2026-09-01 09:14:15.118,57119.00,21.00,447.00,0.00
2026-09-01 09:14:17.122,68664.00,0.00,514.00,0.00
2026-09-01 09:14:19.131,58718.00,42.00,430.00,1.00
2026-09-01 09:14:21.143,58938.00,21.00,447.00,0.00
2026-09-01 09:14:23.180,70410.00,68.00,544.00,1.00
2026-09-01 09:14:25.198,73041.00,21.00,571.00,0.00
2026-09-01 09:14:27.228,68956.00,72.00,526.00,1.00
2026-09-01 09:14:29.253,73881.00,27.00,516.00,0.00
2026-09-01 09:14:31.266,69210.00,587.00,560.00,2.00
2026-09-01 09:14:33.296,97917.00,562.00,609.00,1.00
2026-09-01 09:14:35.307,86139.00,64.00,622.00,1.00
2026-09-01 09:14:37.337,74498.00,127.00,563.00,1.00
2026-09-01 09:14:39.349,74011.00,112.00,563.00,1.00
2026-09-01 09:14:41.360,67753.00,113.00,524.00,1.00
2026-09-01 09:14:43.371,67813.00,86.00,508.00,1.00
2026-09-01 09:14:45.382,64548.00,43.00,473.00,0.00
2026-09-01 09:14:47.409,74743.00,308.00,573.00,3.00
2026-09-01 09:14:49.418,70572.00,27.00,567.00,0.00
2026-09-01 09:14:51.431,65236.00,85.00,492.00,1.00
2026-09-01 09:14:53.439,67870.00,70.00,540.00,1.00
2026-09-01 09:14:55.451,70568.00,21.00,556.00,0.00
2026-09-01 09:14:57.467,69485.00,75.00,547.00,1.00
2026-09-01 09:14:59.480,68346.00,37.00,556.00,0.00
2026-09-01 09:15:01.495,94022.00,425.00,555.00,3.00
2026-09-01 09:15:03.504,63770.00,43.00,488.00,0.00
2026-09-01 09:15:05.514,62944.00,148.00,481.00,2.00
2026-09-01 09:15:07.541,77734.00,0.00,585.00,0.00
2026-09-01 09:15:09.567,86434.00,27.00,535.00,0.00
2026-09-01 09:15:11.593,62258.00,293.00,495.00,1.00
2026-09-01 09:15:13.608,64366.00,132.00,512.00,2.00
2026-09-01 09:15:15.634,67241.00,106.00,537.00,1.00
2026-09-01 09:15:17.658,74519.00,85.00,580.00,1.00
2026-09-01 09:15:19.674,73341.00,43.00,604.00,0.00
2026-09-01 09:15:21.699,75619.00,85.00,553.00,1.00
2026-09-01 09:15:23.727,83137.00,42.00,643.00,0.00
2026-09-01 09:15:25.746,75538.00,27.00,551.00,0.00
2026-09-01 09:15:27.771,73772.00,73.00,550.00,1.00
2026-09-01 09:15:29.791,78081.00,85.00,550.00,1.00
2026-09-01 09:15:31.811,69447.00,70.00,493.00,1.00
2026-09-01 09:15:33.820,74550.00,27.00,542.00,0.00
2026-09-01 09:15:35.830,82721.00,252.00,597.00,3.00
2026-09-01 09:15:37.873,82984.00,21.00,604.00,0.00
2026-09-01 09:15:39.887,83071.00,202.00,583.00,3.00
2026-09-01 09:15:41.903,72817.00,122.00,526.00,2.00
2026-09-01 09:15:43.929,89061.00,126.00,559.00,2.00
2026-09-01 09:15:45.941,68958.00,0.00,464.00,0.00
2026-09-01 09:15:47.954,104139.00,0.00,605.00,0.00
2026-09-01 09:15:49.979,80213.00,626.00,579.00,2.00
2026-09-01 09:15:52.010,92577.00,582.00,625.00,2.00
2026-09-01 09:15:54.016,63887.00,0.00,502.00,0.00
2026-09-01 09:15:56.026,63916.00,70.00,489.00,1.00
2026-09-01 09:15:58.051,71559.00,369.00,522.00,4.00
2026-09-01 09:16:00.077,84146.00,85.00,625.00,1.00
2026-09-01 09:16:02.101,91046.00,42.00,595.00,0.00
2026-09-01 09:16:04.110,72218.00,290.00,557.00,4.00
2026-09-01 09:16:06.122,65646.00,86.00,518.00,1.00
2026-09-01 09:16:08.133,88234.00,0.00,590.00,0.00
2026-09-01 09:16:10.146,82844.00,237.00,535.00,2.00
2026-09-01 09:16:12.169,81933.00,85.00,547.00,1.00
2026-09-01 09:16:14.189,80712.00,43.00,518.00,0.00
2026-09-01 09:16:16.217,114077.00,27.00,534.00,0.00
2026-09-01 09:16:18.243,77209.00,674.00,601.00,3.00
2026-09-01 09:16:20.263,98027.00,612.00,554.00,2.00
